Bmor_Chr_1	7455935	Cyp305b1
Bmor_Chr_3	1718987	Cyp366a1
Bmor_Chr_5	11925723	Cyp4m9
Bmor_Chr_5	11939846	Cyp4m5
Bmor_Chr_7	7021513	Cyp314a1
Bmor_Chr_8	9350035	CYP354A1
Bmor_Chr_8	10713937	Cyp315a1
Bmor_Chr_9	11618998	Cypa
Bmor_Chr_10	10409287	Cyp306a1
Bmor_Chr_10	10412803	Cyp18a1
Bmor_Chr_11	1342671	Cyp307a1
Bmor_Chr_11	17996776	Cyp6ab5
Bmor_Chr_12	3833360	CYP338A1
Bmor_Chr_12	8860210	Cyp6ae9
Bmor_Chr_13	4463253	Cyp4l6
Bmor_Chr_13	10760868	Cyp4g25
Bmor_Chr_14	2964598	CYP49A1
Bmor_Chr_15	6666752	Cyp332a1
Bmor_Chr_15	16203157	CYP337A2
Bmor_Chr_15	16239216	Cyp337a1
Bmor_Chr_16	9517125	CYP367A1
Bmor_Chr_16	12692126	Cyp6ae7
Bmor_Chr_16	12752537	Cyp6ae2
Bmor_Chr_16	12763047	cyp6a8
Bmor_Chr_17	15446526	Cyp9g3
Bmor_Chr_17	16013164	Cyp9a20
Bmor_Chr_17	16032151	Cyp9a19
Bmor_Chr_17	16047429	Cyp9a21
Bmor_Chr_17	16153678	Cyp9a22
Bmor_Chr_18	10415461	Cyp339a1
Bmor_Chr_19	6231590	CYP340
Bmor_Chr_21	546613	Cyp6ab4
Bmor_Chr_21	9539508	Cyp6b29
Bmor_Chr_21	10360951	Cyp6au1
Bmor_Chr_22	9462922	Cyp302a1
Bmor_Chr_22	13776781	CYP341B1
Bmor_Chr_22	16424733	CYP6AN2
Bmor_Chr_23	9561067	Cyp6ae22
Bmor_Chr_26	7061429	CYP340A3
Bmor_Chr_26	11382052	CYP340C1
